,SibSp,Parch,Pclass_1,Pclass_2,Pclass_3,Sex_female,Sex_male,Embarked_C,Embarked_Q,Embarked_S,ageN,FareN
0,1,0,0.0,0.0,1.0,0.0,1.0,0.0,0.0,1.0,-0.5272978733282218,-0.5160171698064628
1,1,0,1.0,0.0,0.0,1.0,0.0,1.0,0.0,0.0,0.5766884702256656,0.693558484423958
2,0,0,0.0,0.0,1.0,1.0,0.0,0.0,0.0,1.0,-0.2513012874397499,-0.5032665608794588
3,1,0,1.0,0.0,0.0,1.0,0.0,0.0,0.0,1.0,0.36969103080931176,0.3500797476796701
4,0,0,0.0,0.0,1.0,0.0,1.0,0.0,0.0,1.0,0.36969103080931176,-0.5009053370040876
6,0,0,1.0,0.0,0.0,0.0,1.0,0.0,0.0,1.0,1.680674813779553,0.3267036313134957
7,3,1,0.0,0.0,1.0,0.0,1.0,0.0,0.0,1.0,-1.907280802770581,-0.2548658091904152
8,0,2,0.0,0.0,1.0,1.0,0.0,0.0,0.0,1.0,-0.18230214096763195,-0.442662444404633
9,1,0,0.0,1.0,0.0,1.0,0.0,1.0,0.0,0.0,-1.0792910451051654,-0.08493702728590581
10,1,1,0.0,0.0,1.0,1.0,0.0,0.0,0.0,1.0,-1.7692825098263452,-0.3375086448284049
11,0,0,1.0,0.0,0.0,1.0,0.0,0.0,0.0,1.0,1.956671399668025,-0.15144420344915935
12,0,0,0.0,0.0,1.0,0.0,1.0,0.0,0.0,1.0,-0.6652961662724577,-0.5009053370040876
13,1,5,0.0,0.0,1.0,0.0,1.0,0.0,0.0,1.0,0.6456876166977836,-0.062189940960130426
14,0,0,0.0,0.0,1.0,1.0,0.0,0.0,0.0,1.0,-1.0792910451051654,-0.5046039580824689
15,0,0,0.0,1.0,0.0,1.0,0.0,0.0,0.0,1.0,1.749673960251671,-0.3507314985304833
16,4,1,0.0,0.0,1.0,0.0,1.0,0.0,1.0,0.0,-1.907280802770581,-0.10280299161651395
18,1,0,0.0,0.0,1.0,1.0,0.0,0.0,0.0,1.0,0.0936944449208399,-0.3129519165245451
20,0,0,0.0,1.0,0.0,0.0,1.0,0.0,0.0,1.0,0.36969103080931176,-0.16183358850079235
21,0,0,0.0,1.0,0.0,0.0,1.0,0.0,0.0,1.0,0.3006918843371938,-0.4074008715393906
22,0,0,0.0,0.0,1.0,1.0,0.0,0.0,1.0,0.0,-1.0102918986330476,-0.5012982446569494
23,0,0,1.0,0.0,0.0,0.0,1.0,0.0,0.0,1.0,-0.11330299449551398,0.01761942602741402
24,3,1,0.0,0.0,1.0,1.0,0.0,0.0,0.0,1.0,-1.4932859239378733,-0.2548658091904152
25,1,5,0.0,0.0,1.0,1.0,0.0,0.0,0.0,1.0,0.5766884702256656,-0.06006483947229639
27,3,2,1.0,0.0,0.0,0.0,1.0,0.0,0.0,1.0,-0.7342953127445757,4.315046879202883
30,0,0,1.0,0.0,0.0,0.0,1.0,1.0,0.0,0.0,0.7146867631699015,-0.12932803614288313
33,0,0,0.0,1.0,0.0,0.0,1.0,0.0,0.0,1.0,2.5086645714449687,-0.4546253490468133
34,1,0,1.0,0.0,0.0,0.0,1.0,1.0,0.0,0.0,-0.11330299449551398,0.899221083968784
35,1,0,1.0,0.0,0.0,0.0,1.0,0.0,0.0,1.0,0.8526850561141375,0.32930097757640403
37,0,0,0.0,0.0,1.0,0.0,1.0,0.0,0.0,1.0,-0.5962970198003398,-0.5009053370040876
38,2,0,0.0,0.0,1.0,1.0,0.0,0.0,0.0,1.0,-0.8032944592166936,-0.3129519165245451
39,1,0,0.0,0.0,1.0,1.0,0.0,1.0,0.0,0.0,-1.0792910451051654,-0.4406147910599111
40,1,0,0.0,0.0,1.0,1.0,0.0,0.0,0.0,1.0,0.7146867631699015,-0.4739873848248566
41,1,0,0.0,1.0,0.0,1.0,0.0,0.0,0.0,1.0,-0.18230214096763195,-0.25628254351563784
43,1,2,0.0,1.0,0.0,1.0,0.0,1.0,0.0,0.0,-1.8382816562984632,0.13245424349266374
44,0,0,0.0,0.0,1.0,1.0,0.0,0.0,1.0,0.0,-0.7342953127445757,-0.5041317133073947
49,1,0,0.0,0.0,1.0,1.0,0.0,0.0,0.0,1.0,-0.8032944592166936,-0.3167298747251389
50,4,1,0.0,0.0,1.0,0.0,1.0,0.0,0.0,1.0,-1.5622850704099913,0.0967204258523471
51,0,0,0.0,0.0,1.0,0.0,1.0,0.0,0.0,1.0,-0.5962970198003398,-0.5056277847548298
52,1,0,1.0,0.0,0.0,1.0,0.0,1.0,0.0,0.0,1.3356790814189632,0.7964303972470275
53,1,0,0.0,1.0,0.0,1.0,0.0,0.0,0.0,1.0,-0.04430384802339602,-0.16183358850079235
54,0,1,1.0,0.0,0.0,0.0,1.0,1.0,0.0,0.0,2.439665424972851,0.5178059799532332
56,0,0,0.0,1.0,0.0,1.0,0.0,0.0,0.0,1.0,-0.5962970198003398,-0.4546253490468133
57,0,0,0.0,0.0,1.0,0.0,1.0,1.0,0.0,0.0,-0.078803421259455,-0.5164100774593247
58,1,2,0.0,1.0,0.0,1.0,0.0,0.0,0.0,1.0,-1.7002833633542271,-0.12877645424559644
59,5,2,0.0,0.0,1.0,0.0,1.0,0.0,0.0,1.0,-1.2862884845215194,0.23296304346126165
60,0,0,0.0,0.0,1.0,0.0,1.0,1.0,0.0,0.0,-0.5272978733282218,-0.5164100774593247
62,1,0,1.0,0.0,0.0,0.0,1.0,0.0,0.0,1.0,1.0596824955304913,0.9238571493948562
63,3,2,0.0,0.0,1.0,0.0,1.0,0.0,0.0,1.0,-1.7692825098263452,-0.1259429855951511
66,0,0,0.0,1.0,0.0,1.0,0.0,0.0,0.0,1.0,-0.04430384802339602,-0.4546253490468133
67,0,0,0.0,0.0,1.0,0.0,1.0,0.0,0.0,1.0,-0.7342953127445757,-0.49885957263846603
68,4,2,0.0,0.0,1.0,1.0,0.0,0.0,0.0,1.0,-0.8722936056888115,-0.5032665608794588
69,2,0,0.0,0.0,1.0,0.0,1.0,0.0,0.0,1.0,-0.2513012874397499,-0.48933534001476897
70,0,0,0.0,1.0,0.0,0.0,1.0,0.0,0.0,1.0,0.1626935913929579,-0.4546253490468133
71,5,2,0.0,0.0,1.0,1.0,0.0,0.0,0.0,1.0,-0.9412927521609296,0.23296304346126165
72,0,0,0.0,1.0,0.0,0.0,1.0,0.0,0.0,1.0,-0.5962970198003398,0.7354314841402395
73,1,0,0.0,0.0,1.0,0.0,1.0,1.0,0.0,0.0,-0.2513012874397499,-0.37993133746287294
74,0,0,0.0,0.0,1.0,0.0,1.0,0.0,0.0,1.0,0.1626935913929579,0.41422569996755254
75,0,0,0.0,0.0,1.0,0.0,1.0,0.0,0.0,1.0,-0.32030043391186785,-0.5084612534052753
78,0,2,0.0,1.0,0.0,0.0,1.0,0.0,0.0,1.0,-1.9880098041429592,-0.10516421549188508
79,0,0,0.0,0.0,1.0,1.0,0.0,0.0,0.0,1.0,0.024695298448721946,-0.4173180118159493
80,0,0,0.0,0.0,1.0,0.0,1.0,0.0,0.0,1.0,-0.5272978733282218,-0.48296003555126693
81,0,0,0.0,0.0,1.0,0.0,1.0,0.0,0.0,1.0,-0.04430384802339602,-0.4735151400497824
83,0,0,1.0,0.0,0.0,0.0,1.0,0.0,0.0,1.0,-0.11330299449551398,0.23674100166185552
84,0,0,0.0,1.0,0.0,1.0,0.0,0.0,0.0,1.0,-0.8722936056888115,-0.4546253490468133
85,3,0,0.0,0.0,1.0,1.0,0.0,0.0,0.0,1.0,0.23169273786507583,-0.3535649671809286
86,1,3,0.0,0.0,1.0,0.0,1.0,0.0,0.0,1.0,-0.9412927521609296,-0.003631588850926211
88,3,2,1.0,0.0,0.0,1.0,0.0,0.0,0.0,1.0,-0.4582987268561038,4.315046879202883
89,0,0,0.0,0.0,1.0,0.0,1.0,0.0,0.0,1.0,-0.3892995803839858,-0.5009053370040876
90,0,0,0.0,0.0,1.0,0.0,1.0,0.0,0.0,1.0,-0.04430384802339602,-0.5009053370040876
91,0,0,0.0,0.0,1.0,0.0,1.0,0.0,0.0,1.0,-0.6652961662724577,-0.5046039580824689
92,1,0,1.0,0.0,0.0,0.0,1.0,0.0,0.0,1.0,1.1286816420026093,0.5026148100286454
93,1,2,0.0,0.0,1.0,0.0,1.0,0.0,0.0,1.0,-0.2513012874397499,-0.2643107046918997
94,0,0,0.0,0.0,1.0,0.0,1.0,0.0,0.0,1.0,2.0256705461401427,-0.5160171698064628
96,0,0,1.0,0.0,0.0,0.0,1.0,1.0,0.0,0.0,2.8536603038055586,0.0016424407971028167
97,0,1,1.0,0.0,0.0,0.0,1.0,1.0,0.0,0.0,-0.4582987268561038,0.5438568907254279
98,0,1,0.0,1.0,0.0,1.0,0.0,0.0,0.0,1.0,0.3006918843371938,-0.21850296150969964
99,1,0,0.0,1.0,0.0,0.0,1.0,0.0,0.0,1.0,0.3006918843371938,-0.16183358850079235
100,0,0,0.0,0.0,1.0,1.0,0.0,0.0,0.0,1.0,-0.11330299449551398,-0.5038181427767454
102,0,1,1.0,0.0,0.0,0.0,1.0,0.0,0.0,1.0,-0.5962970198003398,0.8069765675639848
103,0,0,0.0,0.0,1.0,0.0,1.0,0.0,0.0,1.0,0.23169273786507583,-0.48949212528009367
104,2,0,0.0,0.0,1.0,0.0,1.0,0.0,0.0,1.0,0.5076893237535477,-0.5032665608794588
105,0,0,0.0,0.0,1.0,0.0,1.0,0.0,0.0,1.0,-0.11330299449551398,-0.5038181427767454
106,0,0,0.0,0.0,1.0,1.0,0.0,0.0,0.0,1.0,-0.5962970198003398,-0.5084612534052753
108,0,0,0.0,0.0,1.0,0.0,1.0,0.0,0.0,1.0,0.5766884702256656,-0.5038181427767454
110,0,0,1.0,0.0,0.0,0.0,1.0,0.0,0.0,1.0,1.1976807884747274,0.32930097757640403
111,1,0,0.0,0.0,1.0,1.0,0.0,1.0,0.0,0.0,-1.0447914718691065,-0.37993133746287294
112,0,0,0.0,0.0,1.0,0.0,1.0,0.0,0.0,1.0,-0.5272978733282218,-0.5009053370040876
113,1,0,0.0,0.0,1.0,1.0,0.0,0.0,0.0,1.0,-0.6652961662724577,-0.4673759579738175
114,0,0,0.0,0.0,1.0,1.0,0.0,1.0,0.0,0.0,-0.8722936056888115,-0.3798538893197607
115,0,0,0.0,0.0,1.0,0.0,1.0,0.0,0.0,1.0,-0.5962970198003398,-0.5032665608794588
116,0,0,0.0,0.0,1.0,0.0,1.0,0.0,1.0,0.0,2.8191607305694997,-0.5065722743049783
117,1,0,0.0,1.0,0.0,0.0,1.0,0.0,0.0,1.0,-0.04430384802339602,-0.25628254351563784
118,0,1,1.0,0.0,0.0,0.0,1.0,1.0,0.0,0.0,-0.3892995803839858,4.0226480263097235
119,4,2,0.0,0.0,1.0,1.0,0.0,0.0,0.0,1.0,-1.907280802770581,-0.062189940960130426
120,2,0,0.0,1.0,0.0,0.0,1.0,0.0,0.0,1.0,-0.5962970198003398,0.7354314841402395
122,1,0,0.0,1.0,0.0,0.0,1.0,1.0,0.0,0.0,0.19719316462901684,-0.08493702728590581
123,0,0,0.0,1.0,0.0,1.0,0.0,0.0,0.0,1.0,0.19719316462901684,-0.4074008715393906
124,0,1,1.0,0.0,0.0,0.0,1.0,0.0,0.0,1.0,1.680674813779553,0.8069765675639848
125,1,0,0.0,0.0,1.0,0.0,1.0,1.0,0.0,0.0,-1.2172893380494014,-0.4406147910599111
127,0,0,0.0,0.0,1.0,0.0,1.0,0.0,0.0,1.0,-0.3892995803839858,-0.5180629341720844
129,0,0,0.0,0.0,1.0,0.0,1.0,0.0,0.0,1.0,1.0596824955304913,-0.5212118623322793
130,0,0,0.0,0.0,1.0,0.0,1.0,1.0,0.0,0.0,0.23169273786507583,-0.5038181427767454
131,0,0,0.0,0.0,1.0,0.0,1.0,0.0,0.0,1.0,-0.6652961662724577,-0.5197951280070566
132,1,0,0.0,0.0,1.0,1.0,0.0,0.0,0.0,1.0,1.1976807884747274,-0.37906618503493694
133,1,0,0.0,1.0,0.0,1.0,0.0,0.0,0.0,1.0,-0.04430384802339602,-0.16183358850079235
134,0,0,0.0,1.0,0.0,0.0,1.0,0.0,0.0,1.0,-0.32030043391186785,-0.4074008715393906
135,0,0,0.0,1.0,0.0,0.0,1.0,1.0,0.0,0.0,-0.4582987268561038,-0.3687561371055164
136,0,2,1.0,0.0,0.0,1.0,0.0,0.0,0.0,1.0,-0.7342953127445757,-0.1564821107096512
137,1,0,1.0,0.0,0.0,0.0,1.0,0.0,0.0,1.0,0.5076893237535477,0.3500797476796701
138,0,0,0.0,0.0,1.0,0.0,1.0,0.0,0.0,1.0,-0.9412927521609296,-0.47886661784092355
139,0,0,1.0,0.0,0.0,0.0,1.0,1.0,0.0,0.0,-0.3892995803839858,0.8431032928571635
141,0,0,0.0,0.0,1.0,1.0,0.0,0.0,0.0,1.0,-0.5272978733282218,-0.5065722743049783
142,1,0,0.0,0.0,1.0,1.0,0.0,0.0,0.0,1.0,-0.3892995803839858,-0.3535649671809286
143,0,0,0.0,0.0,1.0,0.0,1.0,0.0,1.0,0.0,-0.7342953127445757,-0.5254620653079474
144,0,0,0.0,1.0,0.0,0.0,1.0,0.0,0.0,1.0,-0.8032944592166936,-0.43573555804384423
145,1,1,0.0,1.0,0.0,0.0,1.0,0.0,0.0,1.0,-0.7342953127445757,0.04123166478112539
146,0,0,0.0,0.0,1.0,0.0,1.0,0.0,0.0,1.0,-0.18230214096763195,-0.5057071218770424
147,2,2,0.0,0.0,1.0,1.0,0.0,0.0,0.0,1.0,-1.4242867774657553,-0.003631588850926211
148,0,2,0.0,1.0,0.0,0.0,1.0,0.0,0.0,1.0,0.47318975051748874,-0.16183358850079235
149,0,0,0.0,1.0,0.0,0.0,1.0,0.0,0.0,1.0,0.8526850561141375,-0.4074008715393906
150,0,0,0.0,1.0,0.0,0.0,1.0,0.0,0.0,1.0,1.4736773743631992,-0.41637352226580093
151,1,0,1.0,0.0,0.0,1.0,0.0,0.0,0.0,1.0,-0.5272978733282218,0.6050919262197527
152,0,0,0.0,0.0,1.0,0.0,1.0,0.0,0.0,1.0,1.78417353348773,-0.5009053370040876
153,0,2,0.0,0.0,1.0,0.0,1.0,0.0,0.0,1.0,0.7491863364059606,-0.37906618503493694
155,0,1,1.0,0.0,0.0,0.0,1.0,1.0,0.0,0.0,1.4736773743631992,0.5064721053514517
156,0,0,0.0,0.0,1.0,1.0,0.0,0.0,1.0,0.0,-0.9412927521609296,-0.5068877338147278
157,0,0,0.0,0.0,1.0,0.0,1.0,0.0,0.0,1.0,0.024695298448721946,-0.5009053370040876
160,0,1,0.0,0.0,1.0,0.0,1.0,0.0,0.0,1.0,0.9906833490583734,-0.34884251943018635
161,0,0,0.0,1.0,0.0,1.0,0.0,0.0,0.0,1.0,0.7146867631699015,-0.35545394628122556
162,0,0,0.0,0.0,1.0,0.0,1.0,0.0,0.0,1.0,-0.2513012874397499,-0.5061000295299041
163,0,0,0.0,0.0,1.0,0.0,1.0,0.0,0.0,1.0,-0.8722936056888115,-0.48933534001476897
164,4,1,0.0,0.0,1.0,0.0,1.0,0.0,0.0,1.0,-1.976279949242699,0.0967204258523471
165,0,2,0.0,0.0,1.0,0.0,1.0,0.0,0.0,1.0,-1.4242867774657553,-0.2652551942420482
167,1,4,0.0,0.0,1.0,1.0,0.0,0.0,0.0,1.0,1.0596824955304913,-0.1259429855951511
169,0,0,0.0,0.0,1.0,0.0,1.0,0.0,0.0,1.0,-0.11330299449551398,0.41422569996755254
170,0,0,1.0,0.0,0.0,0.0,1.0,0.0,0.0,1.0,2.163668839084379,-0.020160155978524167
171,4,1,0.0,0.0,1.0,0.0,1.0,0.0,1.0,0.0,-1.7692825098263452,-0.10280299161651395
172,1,1,0.0,0.0,1.0,1.0,0.0,0.0,0.0,1.0,-1.976279949242699,-0.442662444404633
173,0,0,0.0,0.0,1.0,0.0,1.0,0.0,0.0,1.0,-0.5962970198003398,-0.5032665608794588
174,0,0,1.0,0.0,0.0,0.0,1.0,1.0,0.0,0.0,1.818673106723789,-0.07313090790905012
175,1,1,0.0,0.0,1.0,0.0,1.0,0.0,0.0,1.0,-0.8032944592166936,-0.5046039580824689
177,0,0,1.0,0.0,0.0,1.0,0.0,1.0,0.0,0.0,1.4046782278910812,-0.11059503040523873
178,0,0,0.0,1.0,0.0,0.0,1.0,0.0,0.0,1.0,0.024695298448721946,-0.4074008715393906
179,0,0,0.0,0.0,1.0,0.0,1.0,0.0,0.0,1.0,0.4386901772814297,-0.6529681545779887
182,4,2,0.0,0.0,1.0,0.0,1.0,0.0,0.0,1.0,-1.4242867774657553,-0.06006483947229639
183,2,1,0.0,1.0,0.0,0.0,1.0,0.0,0.0,1.0,-1.976279949242699,0.08373369453780584
184,0,2,0.0,0.0,1.0,1.0,0.0,0.0,0.0,1.0,-1.7692825098263452,-0.23692050773759454
187,0,0,1.0,0.0,0.0,0.0,1.0,0.0,0.0,1.0,1.0596824955304913,-0.15144420344915935
188,1,1,0.0,0.0,1.0,0.0,1.0,0.0,1.0,0.0,0.7146867631699015,-0.36017639403196783
189,0,0,0.0,0.0,1.0,0.0,1.0,0.0,0.0,1.0,0.4386901772814297,-0.5038181427767454
190,0,0,0.0,1.0,0.0,1.0,0.0,0.0,0.0,1.0,0.1626935913929579,-0.4074008715393906
191,0,0,0.0,1.0,0.0,0.0,1.0,0.0,0.0,1.0,-0.7342953127445757,-0.4074008715393906
192,1,0,0.0,0.0,1.0,1.0,0.0,0.0,0.0,1.0,-0.7342953127445757,-0.5046039580824689
193,1,1,0.0,1.0,0.0,0.0,1.0,0.0,0.0,1.0,-1.8382816562984632,-0.16183358850079235
194,0,0,1.0,0.0,0.0,1.0,0.0,1.0,0.0,0.0,0.9906833490583734,-0.12932803614288313
195,0,0,1.0,0.0,0.0,1.0,0.0,1.0,0.0,0.0,1.956671399668025,2.114779135009845
197,0,1,0.0,0.0,1.0,0.0,1.0,0.0,0.0,1.0,0.8526850561141375,-0.49421457303083594
199,0,0,0.0,1.0,0.0,1.0,0.0,0.0,0.0,1.0,-0.3892995803839858,-0.4074008715393906
200,0,0,0.0,0.0,1.0,0.0,1.0,0.0,0.0,1.0,-0.11330299449551398,-0.4735151400497824
202,0,0,0.0,0.0,1.0,0.0,1.0,0.0,0.0,1.0,0.3006918843371938,-0.5302638501809022
203,0,0,0.0,0.0,1.0,0.0,1.0,1.0,0.0,0.0,1.0941820687665504,-0.5164894145815371
204,0,0,0.0,0.0,1.0,0.0,1.0,0.0,0.0,1.0,-0.8032944592166936,-0.5009053370040876
205,0,1,0.0,0.0,1.0,1.0,0.0,0.0,0.0,1.0,-1.907280802770581,-0.4553337162094247
206,1,0,0.0,0.0,1.0,0.0,1.0,0.0,0.0,1.0,0.1626935913929579,-0.3535649671809286
207,0,0,0.0,0.0,1.0,0.0,1.0,1.0,0.0,0.0,-0.2513012874397499,-0.2980762061097069
208,0,0,0.0,0.0,1.0,1.0,0.0,0.0,1.0,0.0,-0.9412927521609296,-0.5065722743049783
209,0,0,1.0,0.0,0.0,0.0,1.0,1.0,0.0,0.0,0.7146867631699015,-0.0673846334859469
210,0,0,0.0,0.0,1.0,0.0,1.0,0.0,0.0,1.0,-0.3892995803839858,-0.5197951280070566
211,0,0,0.0,1.0,0.0,1.0,0.0,0.0,0.0,1.0,0.36969103080931176,-0.25628254351563784
212,0,0,0.0,0.0,1.0,0.0,1.0,0.0,0.0,1.0,-0.5272978733282218,-0.5160171698064628
213,0,0,0.0,1.0,0.0,0.0,1.0,0.0,0.0,1.0,0.024695298448721946,-0.4074008715393906
215,1,0,1.0,0.0,0.0,1.0,0.0,1.0,0.0,0.0,0.0936944449208399,1.4867729212833354
216,0,0,0.0,0.0,1.0,1.0,0.0,0.0,0.0,1.0,-0.18230214096763195,-0.5032665608794588
217,1,0,0.0,1.0,0.0,0.0,1.0,0.0,0.0,1.0,0.8526850561141375,-0.14294379749782327
218,0,0,1.0,0.0,0.0,1.0,0.0,1.0,0.0,0.0,0.1626935913929579,0.7881661136832285
219,0,0,0.0,1.0,0.0,0.0,1.0,0.0,0.0,1.0,0.024695298448721946,-0.4546253490468133
220,0,0,0.0,0.0,1.0,0.0,1.0,0.0,0.0,1.0,-0.9412927521609296,-0.5009053370040876
221,0,0,0.0,1.0,0.0,0.0,1.0,0.0,0.0,1.0,-0.18230214096763195,-0.4074008715393906
222,0,0,0.0,0.0,1.0,0.0,1.0,0.0,0.0,1.0,1.4736773743631992,-0.5009053370040876
224,1,0,1.0,0.0,0.0,0.0,1.0,0.0,0.0,1.0,0.5766884702256656,1.0471130356892295
225,0,0,0.0,0.0,1.0,0.0,1.0,0.0,0.0,1.0,-0.5272978733282218,-0.4763486087002277
226,0,0,0.0,1.0,0.0,0.0,1.0,0.0,0.0,1.0,-0.7342953127445757,-0.4546253490468133
227,0,0,0.0,0.0,1.0,0.0,1.0,0.0,0.0,1.0,-0.6307965930363987,-0.5160171698064628
228,0,0,0.0,1.0,0.0,0.0,1.0,0.0,0.0,1.0,-0.8032944592166936,-0.4074008715393906
230,1,0,1.0,0.0,0.0,1.0,0.0,0.0,0.0,1.0,0.36969103080931176,0.9238571493948562
231,0,0,0.0,0.0,1.0,0.0,1.0,0.0,0.0,1.0,-0.04430384802339602,-0.5061000295299041
232,0,0,0.0,1.0,0.0,0.0,1.0,0.0,0.0,1.0,2.0256705461401427,-0.397955976037906
233,4,2,0.0,0.0,1.0,1.0,0.0,0.0,0.0,1.0,-1.7002833633542271,-0.06006483947229639
234,0,0,0.0,1.0,0.0,0.0,1.0,0.0,0.0,1.0,-0.3892995803839858,-0.4546253490468133
236,1,0,0.0,1.0,0.0,0.0,1.0,0.0,0.0,1.0,0.9906833490583734,-0.16183358850079235
237,0,2,0.0,1.0,0.0,1.0,0.0,0.0,0.0,1.0,-1.4932859239378733,-0.1571111407500501
238,0,0,0.0,1.0,0.0,0.0,1.0,0.0,0.0,1.0,-0.7342953127445757,-0.4546253490468133
239,0,0,0.0,1.0,0.0,0.0,1.0,0.0,0.0,1.0,0.23169273786507583,-0.4210959700165432
242,0,0,0.0,1.0,0.0,0.0,1.0,0.0,0.0,1.0,-0.04430384802339602,-0.4546253490468133
243,0,0,0.0,0.0,1.0,0.0,1.0,0.0,0.0,1.0,-0.5272978733282218,-0.518378393681834
244,0,0,0.0,0.0,1.0,0.0,1.0,1.0,0.0,0.0,0.024695298448721946,-0.5164894145815371
245,2,0,1.0,0.0,0.0,0.0,1.0,0.0,1.0,0.0,0.9906833490583734,1.0471130356892295
246,0,0,0.0,0.0,1.0,1.0,0.0,0.0,0.0,1.0,-0.32030043391186785,-0.5061000295299041
247,0,2,0.0,1.0,0.0,1.0,0.0,0.0,0.0,1.0,-0.3892995803839858,-0.37906618503493694
248,1,1,1.0,0.0,0.0,0.0,1.0,0.0,0.0,1.0,0.5076893237535477,0.33976969975024957
249,1,0,0.0,1.0,0.0,0.0,1.0,0.0,0.0,1.0,1.680674813779553,-0.16183358850079235
251,1,1,0.0,0.0,1.0,1.0,0.0,0.0,0.0,1.0,-0.04430384802339602,-0.4553337162094247
252,0,0,1.0,0.0,0.0,0.0,1.0,0.0,0.0,1.0,2.232667985556497,-0.15144420344915935
253,1,0,0.0,0.0,1.0,0.0,1.0,0.0,0.0,1.0,0.024695298448721946,-0.34884251943018635
254,0,2,0.0,0.0,1.0,1.0,0.0,0.0,0.0,1.0,0.7836859096420196,-0.271158253930476
255,0,2,0.0,0.0,1.0,1.0,0.0,1.0,0.0,0.0,-0.04430384802339602,-0.3649781789049226
257,0,0,1.0,0.0,0.0,1.0,0.0,0.0,0.0,1.0,0.024695298448721946,0.9809987671788377
258,0,0,1.0,0.0,0.0,1.0,0.0,1.0,0.0,0.0,0.36969103080931176,9.024823358140363
259,0,1,0.0,1.0,0.0,1.0,0.0,0.0,0.0,1.0,1.4046782278910812,-0.16183358850079235
261,4,2,0.0,0.0,1.0,0.0,1.0,0.0,0.0,1.0,-1.8382816562984632,-0.06006483947229639
262,1,1,1.0,0.0,0.0,0.0,1.0,0.0,0.0,1.0,1.5426765208353173,0.8516036988084996
263,0,0,1.0,0.0,0.0,0.0,1.0,0.0,0.0,1.0,0.7146867631699015,-0.6529681545779887
265,0,0,0.0,1.0,0.0,0.0,1.0,0.0,0.0,1.0,0.4386901772814297,-0.4546253490468133
266,4,1,0.0,0.0,1.0,0.0,1.0,0.0,0.0,1.0,-0.9412927521609296,0.0967204258523471
267,1,0,0.0,0.0,1.0,0.0,1.0,0.0,0.0,1.0,-0.32030043391186785,-0.5061000295299041
268,0,1,1.0,0.0,0.0,1.0,0.0,0.0,0.0,1.0,1.956671399668025,2.2459063972151556
269,0,0,1.0,0.0,0.0,1.0,0.0,0.0,0.0,1.0,0.36969103080931176,1.909116535465019
271,0,0,0.0,0.0,1.0,0.0,1.0,0.0,0.0,1.0,-0.32030043391186785,-0.6529681545779887
272,0,1,0.0,1.0,0.0,1.0,0.0,0.0,0.0,1.0,0.7836859096420196,-0.2846172300200915
273,0,1,1.0,0.0,0.0,0.0,1.0,1.0,0.0,0.0,0.5076893237535477,-0.09194136178980673
275,1,0,1.0,0.0,0.0,1.0,0.0,0.0,0.0,1.0,2.301667132028615,0.8196478393687765
276,0,0,0.0,0.0,1.0,1.0,0.0,0.0,0.0,1.0,1.0596824955304913,-0.5065722743049783
278,4,1,0.0,0.0,1.0,0.0,1.0,0.0,1.0,0.0,-1.5622850704099913,-0.10280299161651395
279,1,1,0.0,0.0,1.0,1.0,0.0,0.0,0.0,1.0,0.36969103080931176,-0.27044988676786463
280,0,0,0.0,0.0,1.0,0.0,1.0,0.0,1.0,0.0,2.439665424972851,-0.5065722743049783
281,0,0,0.0,0.0,1.0,0.0,1.0,0.0,0.0,1.0,-0.11330299449551398,-0.5046039580824689
282,0,0,0.0,0.0,1.0,0.0,1.0,0.0,0.0,1.0,-0.9412927521609296,-0.4735151400497824
283,0,0,0.0,0.0,1.0,0.0,1.0,0.0,0.0,1.0,-0.7342953127445757,-0.5009053370040876
285,0,0,0.0,0.0,1.0,0.0,1.0,1.0,0.0,0.0,0.23169273786507583,-0.48933534001476897
286,0,0,0.0,0.0,1.0,0.0,1.0,0.0,0.0,1.0,0.024695298448721946,-0.4735151400497824
287,0,0,0.0,0.0,1.0,0.0,1.0,0.0,0.0,1.0,-0.5272978733282218,-0.5038181427767454
288,0,0,0.0,1.0,0.0,0.0,1.0,0.0,0.0,1.0,0.8526850561141375,-0.4074008715393906
289,0,0,0.0,0.0,1.0,1.0,0.0,0.0,1.0,0.0,-0.5272978733282218,-0.5065722743049783
290,0,0,1.0,0.0,0.0,1.0,0.0,0.0,0.0,1.0,-0.2513012874397499,0.8364918660061241
291,1,0,1.0,0.0,0.0,1.0,0.0,1.0,0.0,0.0,-0.7342953127445757,1.0674988981396338
292,0,0,0.0,1.0,0.0,0.0,1.0,1.0,0.0,0.0,0.4386901772814297,-0.4097620954147617
293,0,0,0.0,0.0,1.0,1.0,0.0,0.0,0.0,1.0,-0.3892995803839858,-0.4857935042017123
294,0,0,0.0,0.0,1.0,0.0,1.0,0.0,0.0,1.0,-0.3892995803839858,-0.5038181427767454
296,0,0,0.0,0.0,1.0,0.0,1.0,1.0,0.0,0.0,-0.42379915362004483,-0.5164100774593247
297,1,2,1.0,0.0,0.0,1.0,0.0,0.0,0.0,1.0,-1.907280802770581,2.2097796719219773
299,0,1,1.0,0.0,0.0,1.0,0.0,1.0,0.0,0.0,1.4046782278910812,4.0226480263097235
302,0,0,0.0,0.0,1.0,0.0,1.0,0.0,0.0,1.0,-0.7342953127445757,-0.6529681545779887
305,1,2,1.0,0.0,0.0,0.0,1.0,0.0,0.0,1.0,-1.9817998809604684,2.2097796719219773
307,1,0,1.0,0.0,0.0,1.0,0.0,1.0,0.0,0.0,-0.8722936056888115,1.4041300856453456
308,1,0,0.0,1.0,0.0,0.0,1.0,1.0,0.0,0.0,0.024695298448721946,-0.19961317050673055
309,0,0,1.0,0.0,0.0,1.0,0.0,1.0,0.0,0.0,0.024695298448721946,0.42241253538823936
310,0,0,1.0,0.0,0.0,1.0,0.0,1.0,0.0,0.0,-0.3892995803839858,0.9178747525842159
311,2,2,1.0,0.0,0.0,1.0,0.0,1.0,0.0,0.0,-0.8032944592166936,4.303240759826027
312,1,1,0.0,1.0,0.0,1.0,0.0,0.0,0.0,1.0,-0.2513012874397499,-0.16183358850079235
313,0,0,0.0,0.0,1.0,0.0,1.0,0.0,0.0,1.0,-0.11330299449551398,-0.5038181427767454
314,1,1,0.0,1.0,0.0,0.0,1.0,0.0,0.0,1.0,0.9216842025862555,-0.1571111407500501
315,0,0,0.0,0.0,1.0,1.0,0.0,0.0,0.0,1.0,-0.2513012874397499,-0.5046039580824689
316,1,0,0.0,1.0,0.0,1.0,0.0,0.0,0.0,1.0,-0.3892995803839858,-0.16183358850079235
317,0,0,0.0,1.0,0.0,0.0,1.0,0.0,0.0,1.0,1.680674813779553,-0.38851108053642147
318,0,2,1.0,0.0,0.0,1.0,0.0,0.0,0.0,1.0,0.0936944449208399,2.461329351771216
319,1,1,1.0,0.0,0.0,1.0,0.0,1.0,0.0,0.0,0.7146867631699015,1.8877087353213542
320,0,0,0.0,0.0,1.0,0.0,1.0,0.0,0.0,1.0,-0.5272978733282218,-0.5160171698064628
321,0,0,0.0,0.0,1.0,0.0,1.0,0.0,0.0,1.0,-0.18230214096763195,-0.5038181427767454
322,0,0,0.0,1.0,0.0,1.0,0.0,0.0,1.0,0.0,0.024695298448721946,-0.4196792356913205
323,1,1,0.0,1.0,0.0,1.0,0.0,0.0,0.0,1.0,-0.5272978733282218,-0.10516421549188508
325,0,0,1.0,0.0,0.0,1.0,0.0,1.0,0.0,0.0,0.4386901772814297,1.909116535465019
326,0,0,0.0,0.0,1.0,0.0,1.0,0.0,0.0,1.0,2.163668839084379,-0.535143083196969
327,0,0,0.0,1.0,0.0,1.0,0.0,0.0,0.0,1.0,0.4386901772814297,-0.4074008715393906
328,1,1,0.0,0.0,1.0,1.0,0.0,0.0,0.0,1.0,0.0936944449208399,-0.2652551942420482
329,0,1,1.0,0.0,0.0,1.0,0.0,1.0,0.0,0.0,-0.9412927521609296,0.44224681594135684
331,0,0,1.0,0.0,0.0,0.0,1.0,0.0,0.0,1.0,1.0941820687665504,-0.11460911099336964
332,0,1,1.0,0.0,0.0,0.0,1.0,0.0,0.0,1.0,0.5766884702256656,2.2459063972151556
333,2,0,0.0,0.0,1.0,0.0,1.0,0.0,0.0,1.0,-0.9412927521609296,-0.3129519165245451
336,1,0,1.0,0.0,0.0,0.0,1.0,0.0,0.0,1.0,-0.04430384802339602,0.6050919262197527
337,0,0,1.0,0.0,0.0,1.0,0.0,1.0,0.0,0.0,0.7836859096420196,1.8877087353213542
338,0,0,0.0,0.0,1.0,0.0,1.0,0.0,0.0,1.0,1.0596824955304913,-0.5009053370040876
339,0,0,1.0,0.0,0.0,0.0,1.0,0.0,0.0,1.0,1.0596824955304913,0.01761942602741402
340,1,1,0.0,1.0,0.0,0.0,1.0,0.0,0.0,1.0,-1.907280802770581,-0.16183358850079235
341,3,2,1.0,0.0,0.0,1.0,0.0,0.0,0.0,1.0,-0.3892995803839858,4.315046879202883
342,0,0,0.0,1.0,0.0,0.0,1.0,0.0,0.0,1.0,-0.11330299449551398,-0.4074008715393906
343,0,0,0.0,1.0,0.0,0.0,1.0,0.0,0.0,1.0,-0.32030043391186785,-0.4074008715393906
344,0,0,0.0,1.0,0.0,0.0,1.0,0.0,0.0,1.0,0.4386901772814297,-0.4074008715393906
345,0,0,0.0,1.0,0.0,1.0,0.0,0.0,0.0,1.0,-0.3892995803839858,-0.4074008715393906
346,0,0,0.0,1.0,0.0,1.0,0.0,0.0,0.0,1.0,0.7146867631699015,-0.4074008715393906
348,1,1,0.0,0.0,1.0,0.0,1.0,0.0,0.0,1.0,-1.8382816562984632,-0.35262047763078025
349,0,0,0.0,0.0,1.0,0.0,1.0,0.0,0.0,1.0,0.8526850561141375,-0.48933534001476897
350,0,0,0.0,0.0,1.0,0.0,1.0,0.0,0.0,1.0,-0.4582987268561038,-0.47870983257559885
352,1,1,0.0,0.0,1.0,0.0,1.0,1.0,0.0,0.0,-1.0102918986330476,-0.5164100774593247
353,1,0,0.0,0.0,1.0,0.0,1.0,0.0,0.0,1.0,-0.32030043391186785,-0.3167298747251389
355,0,0,0.0,0.0,1.0,0.0,1.0,0.0,0.0,1.0,-0.11330299449551398,-0.4735151400497824
356,0,1,1.0,0.0,0.0,1.0,0.0,0.0,0.0,1.0,-0.5272978733282218,0.3859703505853113
357,0,0,0.0,1.0,0.0,1.0,0.0,0.0,0.0,1.0,0.5766884702256656,-0.4074008715393906
360,1,4,0.0,0.0,1.0,0.0,1.0,0.0,0.0,1.0,0.7146867631699015,-0.1259429855951511
361,1,0,0.0,1.0,0.0,0.0,1.0,1.0,0.0,0.0,-0.04430384802339602,-0.12932803614288313
362,0,1,0.0,0.0,1.0,1.0,0.0,1.0,0.0,0.0,1.0596824955304913,-0.37993133746287294
363,0,0,0.0,0.0,1.0,0.0,1.0,0.0,0.0,1.0,0.36969103080931176,-0.5197951280070566
365,0,0,0.0,0.0,1.0,0.0,1.0,0.0,0.0,1.0,0.024695298448721946,-0.5160171698064628
366,1,0,1.0,0.0,0.0,1.0,0.0,1.0,0.0,0.0,2.094669692612261,0.7684886183954355
369,0,0,1.0,0.0,0.0,1.0,0.0,1.0,0.0,0.0,-0.3892995803839858,0.6560943619277693
370,1,0,1.0,0.0,0.0,0.0,1.0,1.0,0.0,0.0,-0.32030043391186785,0.3943139712713227
371,1,0,0.0,0.0,1.0,0.0,1.0,0.0,0.0,1.0,-0.8032944592166936,-0.5302638501809022
372,0,0,0.0,0.0,1.0,0.0,1.0,0.0,0.0,1.0,-0.7342953127445757,-0.5009053370040876
373,0,0,1.0,0.0,0.0,0.0,1.0,1.0,0.0,0.0,-0.5272978733282218,1.909116535465019
374,3,1,0.0,0.0,1.0,1.0,0.0,0.0,0.0,1.0,-1.8382816562984632,-0.2548658091904152
376,0,0,0.0,0.0,1.0,1.0,0.0,0.0,0.0,1.0,-0.5272978733282218,-0.5160171698064628
377,0,2,1.0,0.0,0.0,0.0,1.0,1.0,0.0,0.0,-0.18230214096763195,3.3422226425499746
378,0,0,0.0,0.0,1.0,0.0,1.0,1.0,0.0,0.0,-0.6652961662724577,-0.5771728681785753
379,0,0,0.0,0.0,1.0,0.0,1.0,0.0,0.0,1.0,-0.7342953127445757,-0.5061000295299041
380,0,0,1.0,0.0,0.0,1.0,0.0,1.0,0.0,0.0,0.8526850561141375,3.644931543372554
381,0,2,0.0,0.0,1.0,1.0,0.0,1.0,0.0,0.0,-1.976279949242699,-0.3556107315465502
382,0,0,0.0,0.0,1.0,0.0,1.0,0.0,0.0,1.0,0.1626935913929579,-0.5032665608794588
383,1,0,1.0,0.0,0.0,1.0,0.0,0.0,0.0,1.0,0.36969103080931176,0.32930097757640403
385,0,0,0.0,1.0,0.0,0.0,1.0,0.0,0.0,1.0,-0.8032944592166936,0.7354314841402395
386,5,2,0.0,0.0,1.0,0.0,1.0,0.0,0.0,1.0,-1.976279949242699,0.23296304346126165
387,0,0,0.0,1.0,0.0,1.0,0.0,0.0,0.0,1.0,0.4386901772814297,-0.4074008715393906
389,0,0,0.0,1.0,0.0,1.0,0.0,1.0,0.0,0.0,-0.8722936056888115,-0.42629066254235964
390,1,2,1.0,0.0,0.0,0.0,1.0,0.0,0.0,1.0,0.4386901772814297,1.6138067657783024
391,0,0,0.0,0.0,1.0,0.0,1.0,0.0,0.0,1.0,-0.5962970198003398,-0.5057071218770424
392,2,0,0.0,0.0,1.0,0.0,1.0,0.0,0.0,1.0,-0.11330299449551398,-0.5032665608794588
393,1,0,1.0,0.0,0.0,1.0,0.0,1.0,0.0,0.0,-0.4582987268561038,1.4867729212833354
394,0,2,0.0,0.0,1.0,1.0,0.0,0.0,0.0,1.0,-0.3892995803839858,-0.3375086448284049
395,0,0,0.0,0.0,1.0,0.0,1.0,0.0,0.0,1.0,-0.5272978733282218,-0.5057071218770424
396,0,0,0.0,0.0,1.0,1.0,0.0,0.0,0.0,1.0,0.0936944449208399,-0.5046039580824689
397,0,0,0.0,1.0,0.0,0.0,1.0,0.0,0.0,1.0,1.1286816420026093,-0.16183358850079235
398,0,0,0.0,1.0,0.0,0.0,1.0,0.0,0.0,1.0,-0.4582987268561038,-0.4546253490468133
399,0,0,0.0,1.0,0.0,1.0,0.0,0.0,0.0,1.0,-0.11330299449551398,-0.4140122983904298
400,0,0,0.0,0.0,1.0,0.0,1.0,0.0,0.0,1.0,0.6456876166977836,-0.5032665608794588
401,0,0,0.0,0.0,1.0,0.0,1.0,0.0,0.0,1.0,-0.2513012874397499,-0.5009053370040876
402,1,0,0.0,0.0,1.0,1.0,0.0,0.0,0.0,1.0,-0.5962970198003398,-0.4673759579738175
403,1,0,0.0,0.0,1.0,0.0,1.0,0.0,0.0,1.0,-0.11330299449551398,-0.3535649671809286
404,0,0,0.0,0.0,1.0,1.0,0.0,0.0,0.0,1.0,-0.6652961662724577,-0.48933534001476897
405,1,0,0.0,1.0,0.0,0.0,1.0,0.0,0.0,1.0,0.3006918843371938,-0.25628254351563784
406,0,0,0.0,0.0,1.0,0.0,1.0,0.0,0.0,1.0,1.4736773743631992,-0.5065722743049783
407,1,1,0.0,1.0,0.0,0.0,1.0,0.0,0.0,1.0,-1.8382816562984632,-0.2987845732723183
408,0,0,0.0,0.0,1.0,0.0,1.0,0.0,0.0,1.0,-0.5962970198003398,-0.5061000295299041
412,1,0,1.0,0.0,0.0,1.0,0.0,0.0,1.0,0.0,0.23169273786507583,1.0471130356892295
414,0,0,0.0,0.0,1.0,0.0,1.0,0.0,0.0,1.0,0.9906833490583734,-0.5032665608794588
416,1,1,0.0,1.0,0.0,1.0,0.0,0.0,0.0,1.0,0.3006918843371938,-0.03904994698149326
417,0,2,0.0,1.0,0.0,1.0,0.0,0.0,0.0,1.0,-0.8032944592166936,-0.4074008715393906
418,0,0,0.0,1.0,0.0,0.0,1.0,0.0,0.0,1.0,0.024695298448721946,-0.4074008715393906
419,0,2,0.0,0.0,1.0,1.0,0.0,0.0,0.0,1.0,-1.3552876309936372,-0.1967797018562852
421,0,0,0.0,0.0,1.0,0.0,1.0,0.0,1.0,0.0,-0.5962970198003398,-0.5068877338147278
422,0,0,0.0,0.0,1.0,0.0,1.0,0.0,0.0,1.0,-0.04430384802339602,-0.5042110504296071
423,1,1,0.0,0.0,1.0,1.0,0.0,0.0,0.0,1.0,-0.11330299449551398,-0.3809551641352339
424,1,1,0.0,0.0,1.0,0.0,1.0,0.0,0.0,1.0,-0.8032944592166936,-0.271158253930476
426,1,0,0.0,1.0,0.0,1.0,0.0,0.0,0.0,1.0,-0.11330299449551398,-0.16183358850079235
427,0,0,0.0,1.0,0.0,1.0,0.0,0.0,0.0,1.0,-0.7342953127445757,-0.16183358850079235
429,0,0,0.0,0.0,1.0,0.0,1.0,0.0,0.0,1.0,0.1626935913929579,-0.5009053370040876
430,0,0,1.0,0.0,0.0,0.0,1.0,0.0,0.0,1.0,-0.11330299449551398,-0.15144420344915935
432,1,0,0.0,1.0,0.0,1.0,0.0,0.0,0.0,1.0,0.8526850561141375,-0.16183358850079235
433,0,0,0.0,0.0,1.0,0.0,1.0,0.0,0.0,1.0,-0.8722936056888115,-0.518378393681834
434,1,0,1.0,0.0,0.0,0.0,1.0,0.0,0.0,1.0,1.4046782278910812,0.4029711624879835
435,1,2,1.0,0.0,0.0,1.0,0.0,0.0,0.0,1.0,-1.0792910451051654,1.6138067657783024
436,2,2,0.0,0.0,1.0,1.0,0.0,0.0,0.0,1.0,-0.5962970198003398,-0.003631588850926211
437,2,3,0.0,1.0,0.0,1.0,0.0,0.0,0.0,1.0,-0.3892995803839858,-0.2987845732723183
438,1,4,1.0,0.0,0.0,0.0,1.0,0.0,0.0,1.0,2.370666278500733,4.315046879202883
439,0,0,0.0,1.0,0.0,0.0,1.0,0.0,0.0,1.0,0.0936944449208399,-0.4546253490468133
440,1,1,0.0,1.0,0.0,1.0,0.0,0.0,0.0,1.0,1.0596824955304913,-0.1571111407500501
441,0,0,0.0,0.0,1.0,0.0,1.0,0.0,0.0,1.0,-0.6652961662724577,-0.4735151400497824
442,1,0,0.0,0.0,1.0,0.0,1.0,0.0,0.0,1.0,-0.32030043391186785,-0.5061000295299041
443,0,0,0.0,1.0,0.0,1.0,0.0,0.0,0.0,1.0,-0.11330299449551398,-0.4074008715393906
445,0,2,1.0,0.0,0.0,0.0,1.0,0.0,0.0,1.0,-1.7692825098263452,0.8933180242803561
446,0,1,0.0,1.0,0.0,1.0,0.0,0.0,0.0,1.0,-1.1482901915772834,-0.2846172300200915
447,0,0,1.0,0.0,0.0,0.0,1.0,0.0,0.0,1.0,0.3006918843371938,-0.15144420344915935
448,2,1,0.0,0.0,1.0,1.0,0.0,1.0,0.0,0.0,-1.7002833633542271,-0.2891828925055091
449,0,0,1.0,0.0,0.0,0.0,1.0,0.0,0.0,1.0,1.5426765208353173,-0.07682952898743145
450,1,2,0.0,1.0,0.0,0.0,1.0,0.0,0.0,1.0,0.4386901772814297,-0.12877645424559644
452,0,0,1.0,0.0,0.0,0.0,1.0,1.0,0.0,0.0,0.024695298448721946,-0.12877645424559644
453,1,0,1.0,0.0,0.0,0.0,1.0,1.0,0.0,0.0,1.3356790814189632,1.03019156090877
455,0,0,0.0,0.0,1.0,0.0,1.0,1.0,0.0,0.0,-0.04430384802339602,-0.5038181427767454
456,0,0,1.0,0.0,0.0,0.0,1.0,0.0,0.0,1.0,2.439665424972851,-0.15144420344915935
458,0,0,0.0,1.0,0.0,1.0,0.0,0.0,0.0,1.0,1.4046782278910812,-0.4546253490468133
460,0,0,1.0,0.0,0.0,0.0,1.0,0.0,0.0,1.0,1.2666799349468454,-0.15144420344915935
461,0,0,0.0,0.0,1.0,0.0,1.0,0.0,0.0,1.0,0.3006918843371938,-0.5009053370040876
462,0,0,1.0,0.0,0.0,0.0,1.0,0.0,0.0,1.0,1.1976807884747274,0.0742887990363213
463,0,0,0.0,1.0,0.0,0.0,1.0,0.0,0.0,1.0,1.2666799349468454,-0.4074008715393906
465,0,0,0.0,0.0,1.0,0.0,1.0,0.0,0.0,1.0,0.5766884702256656,-0.5197951280070566
467,0,0,1.0,0.0,0.0,0.0,1.0,0.0,0.0,1.0,1.818673106723789,-0.15144420344915935
469,2,1,0.0,0.0,1.0,1.0,0.0,1.0,0.0,0.0,-1.9935297358607285,-0.2891828925055091
471,0,0,0.0,0.0,1.0,0.0,1.0,0.0,0.0,1.0,0.5766884702256656,-0.48933534001476897
472,1,2,0.0,1.0,0.0,1.0,0.0,0.0,0.0,1.0,0.23169273786507583,-0.12877645424559644
473,0,0,0.0,1.0,0.0,1.0,0.0,1.0,0.0,0.0,-0.4582987268561038,-0.39244582400233996
474,0,0,0.0,0.0,1.0,1.0,0.0,0.0,0.0,1.0,-0.5272978733282218,-0.46713983558628036
476,1,0,0.0,1.0,0.0,0.0,1.0,0.0,0.0,1.0,0.3006918843371938,-0.25628254351563784
477,1,0,0.0,0.0,1.0,0.0,1.0,0.0,0.0,1.0,-0.04430384802339602,-0.5198744651292692
478,0,0,0.0,0.0,1.0,0.0,1.0,0.0,0.0,1.0,-0.5272978733282218,-0.5109018144028588
479,0,1,0.0,0.0,1.0,1.0,0.0,0.0,0.0,1.0,-1.907280802770581,-0.420859847629006
480,5,2,0.0,0.0,1.0,0.0,1.0,0.0,0.0,1.0,-1.4242867774657553,0.23296304346126165
482,0,0,0.0,0.0,1.0,0.0,1.0,0.0,0.0,1.0,1.4046782278910812,-0.5009053370040876
483,0,0,0.0,0.0,1.0,1.0,0.0,0.0,0.0,1.0,2.301667132028615,-0.4718622833370226
484,1,0,1.0,0.0,0.0,0.0,1.0,1.0,0.0,0.0,-0.32030043391186785,1.0674988981396338
486,1,0,1.0,0.0,0.0,1.0,0.0,0.0,0.0,1.0,0.36969103080931176,1.0471130356892295
487,0,0,1.0,0.0,0.0,0.0,1.0,1.0,0.0,0.0,1.956671399668025,-0.09194136178980673
488,0,0,0.0,0.0,1.0,0.0,1.0,0.0,0.0,1.0,0.024695298448721946,-0.5009053370040876
489,1,1,0.0,0.0,1.0,0.0,1.0,0.0,0.0,1.0,-1.4242867774657553,-0.35262047763078025
491,0,0,0.0,0.0,1.0,0.0,1.0,0.0,0.0,1.0,-0.5962970198003398,-0.5160171698064628
492,0,0,1.0,0.0,0.0,0.0,1.0,0.0,0.0,1.0,1.749673960251671,-0.07682952898743145
493,0,0,1.0,0.0,0.0,0.0,1.0,1.0,0.0,0.0,2.8536603038055586,0.28215583719119375
494,0,0,0.0,0.0,1.0,0.0,1.0,0.0,0.0,1.0,-0.5962970198003398,-0.5009053370040876
496,1,0,1.0,0.0,0.0,1.0,0.0,1.0,0.0,0.0,1.680674813779553,0.8254734509140923
498,1,2,1.0,0.0,0.0,1.0,0.0,0.0,0.0,1.0,-0.32030043391186785,2.2097796719219773
499,0,0,0.0,0.0,1.0,0.0,1.0,0.0,0.0,1.0,-0.3892995803839858,-0.5057071218770424
500,0,0,0.0,0.0,1.0,0.0,1.0,0.0,0.0,1.0,-0.8722936056888115,-0.48933534001476897
501,0,0,0.0,0.0,1.0,1.0,0.0,0.0,1.0,0.0,-0.5962970198003398,-0.5065722743049783
503,0,0,0.0,0.0,1.0,1.0,0.0,0.0,0.0,1.0,0.5076893237535477,-0.4718622833370226
504,0,0,1.0,0.0,0.0,1.0,0.0,0.0,0.0,1.0,-0.9412927521609296,0.9809987671788377
505,1,0,1.0,0.0,0.0,0.0,1.0,1.0,0.0,0.0,-0.8032944592166936,1.4041300856453456
506,0,2,0.0,1.0,0.0,1.0,0.0,0.0,0.0,1.0,0.23169273786507583,-0.16183358850079235
508,0,0,0.0,0.0,1.0,0.0,1.0,0.0,0.0,1.0,-0.11330299449551398,-0.22747561223611
509,0,0,0.0,0.0,1.0,0.0,1.0,0.0,0.0,1.0,-0.2513012874397499,0.41422569996755254
510,0,0,0.0,0.0,1.0,0.0,1.0,0.0,1.0,0.0,-0.04430384802339602,-0.5065722743049783
512,0,0,1.0,0.0,0.0,0.0,1.0,0.0,0.0,1.0,0.4386901772814297,-0.15640277358743873
513,1,0,1.0,0.0,0.0,1.0,0.0,1.0,0.0,0.0,1.680674813779553,0.4690854309983753
514,0,0,0.0,0.0,1.0,0.0,1.0,0.0,0.0,1.0,-0.3892995803839858,-0.5113740591779331
515,0,0,1.0,0.0,0.0,0.0,1.0,0.0,0.0,1.0,1.1976807884747274,-0.01032235282417784
516,0,0,0.0,1.0,0.0,1.0,0.0,0.0,0.0,1.0,0.3006918843371938,-0.4546253490468133
518,1,0,0.0,1.0,0.0,1.0,0.0,0.0,0.0,1.0,0.4386901772814297,-0.16183358850079235
519,0,0,0.0,0.0,1.0,0.0,1.0,0.0,0.0,1.0,0.1626935913929579,-0.5038181427767454
520,0,0,1.0,0.0,0.0,1.0,0.0,0.0,0.0,1.0,0.024695298448721946,1.1132273041996215
521,0,0,0.0,0.0,1.0,0.0,1.0,0.0,0.0,1.0,-0.5272978733282218,-0.5038181427767454
523,0,1,1.0,0.0,0.0,1.0,0.0,1.0,0.0,0.0,0.9906833490583734,0.44224681594135684
525,0,0,0.0,0.0,1.0,0.0,1.0,0.0,1.0,0.0,0.7491863364059606,-0.5065722743049783
526,0,0,0.0,1.0,0.0,1.0,0.0,0.0,0.0,1.0,1.4046782278910812,-0.4546253490468133
528,0,0,0.0,0.0,1.0,0.0,1.0,0.0,0.0,1.0,0.6456876166977836,-0.5032665608794588
529,2,1,0.0,1.0,0.0,0.0,1.0,0.0,0.0,1.0,-0.4582987268561038,-0.43573555804384423
530,1,1,0.0,1.0,0.0,1.0,0.0,0.0,0.0,1.0,-1.907280802770581,-0.16183358850079235
532,1,1,0.0,0.0,1.0,0.0,1.0,1.0,0.0,0.0,-0.8722936056888115,-0.5164100774593247
534,0,0,0.0,0.0,1.0,1.0,0.0,0.0,0.0,1.0,0.024695298448721946,-0.48933534001476897
535,0,2,0.0,1.0,0.0,1.0,0.0,0.0,0.0,1.0,-1.5622850704099913,-0.1571111407500501
536,0,0,1.0,0.0,0.0,0.0,1.0,0.0,0.0,1.0,1.0596824955304913,-0.15144420344915935
537,0,0,1.0,0.0,0.0,1.0,0.0,1.0,0.0,0.0,0.024695298448721946,1.357377852912997
539,0,2,1.0,0.0,0.0,1.0,0.0,1.0,0.0,0.0,-0.5272978733282218,0.28207650006898133
540,0,2,1.0,0.0,0.0,1.0,0.0,0.0,0.0,1.0,0.4386901772814297,0.6882070066328169
541,4,2,0.0,0.0,1.0,1.0,0.0,0.0,0.0,1.0,-1.4242867774657553,-0.062189940960130426
542,4,2,0.0,0.0,1.0,1.0,0.0,0.0,0.0,1.0,-1.2862884845215194,-0.062189940960130426
543,1,0,0.0,1.0,0.0,0.0,1.0,0.0,0.0,1.0,0.1626935913929579,-0.16183358850079235
544,1,0,1.0,0.0,0.0,0.0,1.0,1.0,0.0,0.0,1.4046782278910812,1.357377852912997
545,0,0,1.0,0.0,0.0,0.0,1.0,0.0,0.0,1.0,2.370666278500733,-0.16183358850079235
546,1,0,0.0,1.0,0.0,1.0,0.0,0.0,0.0,1.0,-0.7342953127445757,-0.16183358850079235
548,1,1,0.0,0.0,1.0,0.0,1.0,0.0,0.0,1.0,0.23169273786507583,-0.2652551942420482
549,1,1,0.0,1.0,0.0,0.0,1.0,0.0,0.0,1.0,-1.4932859239378733,0.04123166478112539
550,0,2,1.0,0.0,0.0,0.0,1.0,1.0,0.0,0.0,-0.8722936056888115,1.441594208141534
551,0,0,0.0,1.0,0.0,0.0,1.0,0.0,0.0,1.0,-0.18230214096763195,-0.16183358850079235
553,0,0,0.0,0.0,1.0,0.0,1.0,1.0,0.0,0.0,-0.5272978733282218,-0.5164894145815371
554,0,0,0.0,0.0,1.0,1.0,0.0,0.0,0.0,1.0,-0.5272978733282218,-0.5061000295299041
555,0,0,1.0,0.0,0.0,0.0,1.0,0.0,0.0,1.0,2.232667985556497,-0.15144420344915935
556,1,0,1.0,0.0,0.0,1.0,0.0,1.0,0.0,0.0,1.2666799349468454,0.09506756913958733
558,1,1,1.0,0.0,0.0,1.0,0.0,0.0,0.0,1.0,0.6456876166977836,0.8516036988084996
559,1,0,0.0,0.0,1.0,1.0,0.0,0.0,0.0,1.0,0.4386901772814297,-0.3242857911263266
561,0,0,0.0,0.0,1.0,0.0,1.0,0.0,0.0,1.0,0.7146867631699015,-0.5038181427767454
562,0,0,0.0,1.0,0.0,0.0,1.0,0.0,0.0,1.0,-0.11330299449551398,-0.397955976037906
565,2,0,0.0,0.0,1.0,0.0,1.0,0.0,0.0,1.0,-0.3892995803839858,-0.1967797018562852
566,0,0,0.0,0.0,1.0,0.0,1.0,0.0,0.0,1.0,-0.7342953127445757,-0.5038181427767454
567,0,4,0.0,0.0,1.0,1.0,0.0,0.0,0.0,1.0,-0.04430384802339602,-0.2548658091904152
569,0,0,0.0,0.0,1.0,0.0,1.0,0.0,0.0,1.0,0.1626935913929579,-0.5046039580824689
570,0,0,0.0,1.0,0.0,0.0,1.0,0.0,0.0,1.0,2.232667985556497,-0.4546253490468133
571,2,0,1.0,0.0,0.0,1.0,0.0,0.0,0.0,1.0,1.611675667307435,0.31946317442205774
572,0,0,1.0,0.0,0.0,0.0,1.0,0.0,0.0,1.0,0.4386901772814297,-0.15451379448714186
574,0,0,0.0,0.0,1.0,0.0,1.0,0.0,0.0,1.0,-0.9412927521609296,-0.5009053370040876
575,0,0,0.0,0.0,1.0,0.0,1.0,0.0,0.0,1.0,-0.7342953127445757,-0.37906618503493694
576,0,0,0.0,1.0,0.0,1.0,0.0,0.0,0.0,1.0,0.3006918843371938,-0.4074008715393906
577,1,0,1.0,0.0,0.0,1.0,0.0,0.0,0.0,1.0,0.6456876166977836,0.4029711624879835
579,0,0,0.0,0.0,1.0,0.0,1.0,0.0,0.0,1.0,0.1626935913929579,-0.5032665608794588
580,1,1,0.0,1.0,0.0,1.0,0.0,0.0,0.0,1.0,-0.32030043391186785,-0.086274424488916
581,1,1,1.0,0.0,0.0,1.0,0.0,1.0,0.0,0.0,0.6456876166977836,1.441594208141534
582,0,0,0.0,1.0,0.0,0.0,1.0,0.0,0.0,1.0,1.680674813779553,-0.16183358850079235
583,0,0,1.0,0.0,0.0,0.0,1.0,1.0,0.0,0.0,0.4386901772814297,0.10498470941614607
585,0,2,1.0,0.0,0.0,1.0,0.0,0.0,0.0,1.0,-0.8032944592166936,0.8516036988084996
586,0,0,0.0,1.0,0.0,0.0,1.0,0.0,0.0,1.0,1.1976807884747274,-0.3696212895334524
587,1,1,1.0,0.0,0.0,0.0,1.0,1.0,0.0,0.0,2.094669692612261,0.8431032928571635
588,0,0,0.0,0.0,1.0,0.0,1.0,0.0,0.0,1.0,-0.5272978733282218,-0.5009053370040876
590,0,0,0.0,0.0,1.0,0.0,1.0,0.0,0.0,1.0,0.36969103080931176,-0.518378393681834
591,1,0,1.0,0.0,0.0,1.0,0.0,1.0,0.0,0.0,1.5426765208353173,0.8254734509140923
592,0,0,0.0,0.0,1.0,0.0,1.0,0.0,0.0,1.0,1.1976807884747274,-0.5160171698064628
594,1,0,0.0,1.0,0.0,0.0,1.0,0.0,0.0,1.0,0.5076893237535477,-0.16183358850079235
595,1,1,0.0,0.0,1.0,0.0,1.0,0.0,0.0,1.0,0.4386901772814297,-0.1967797018562852
597,0,0,0.0,0.0,1.0,0.0,1.0,0.0,0.0,1.0,1.3356790814189632,-0.6529681545779887
599,1,0,1.0,0.0,0.0,0.0,1.0,1.0,0.0,0.0,1.3356790814189632,0.42241253538823936
600,2,1,0.0,1.0,0.0,1.0,0.0,0.0,0.0,1.0,-0.3892995803839858,-0.14294379749782327
603,0,0,0.0,0.0,1.0,0.0,1.0,0.0,0.0,1.0,0.9906833490583734,-0.5009053370040876
604,0,0,1.0,0.0,0.0,0.0,1.0,1.0,0.0,0.0,0.36969103080931176,-0.15144420344915935
605,1,0,0.0,0.0,1.0,0.0,1.0,0.0,0.0,1.0,0.4386901772814297,-0.35923190448181935
606,0,0,0.0,0.0,1.0,0.0,1.0,0.0,0.0,1.0,0.024695298448721946,-0.5038181427767454
607,0,0,1.0,0.0,0.0,0.0,1.0,0.0,0.0,1.0,-0.18230214096763195,-0.07682952898743145
608,1,2,0.0,1.0,0.0,1.0,0.0,1.0,0.0,0.0,-0.5272978733282218,0.13245424349266374
609,0,0,1.0,0.0,0.0,1.0,0.0,0.0,0.0,1.0,0.7146867631699015,2.2459063972151556
610,1,5,0.0,0.0,1.0,1.0,0.0,0.0,0.0,1.0,0.6456876166977836,-0.062189940960130426
614,0,0,0.0,0.0,1.0,0.0,1.0,0.0,0.0,1.0,0.36969103080931176,-0.5009053370040876
615,1,2,0.0,1.0,0.0,1.0,0.0,0.0,0.0,1.0,-0.3892995803839858,0.5748682606150023
616,1,1,0.0,0.0,1.0,0.0,1.0,0.0,0.0,1.0,0.3006918843371938,-0.3809551641352339
617,1,0,0.0,0.0,1.0,1.0,0.0,0.0,0.0,1.0,-0.2513012874397499,-0.34884251943018635
618,2,1,0.0,1.0,0.0,1.0,0.0,0.0,0.0,1.0,-1.7692825098263452,0.08373369453780584
619,0,0,0.0,1.0,0.0,0.0,1.0,0.0,0.0,1.0,-0.2513012874397499,-0.4546253490468133
620,1,0,0.0,0.0,1.0,0.0,1.0,1.0,0.0,0.0,-0.18230214096763195,-0.37993133746287294
621,1,0,1.0,0.0,0.0,0.0,1.0,0.0,0.0,1.0,0.8526850561141375,0.33976969975024957
622,1,1,0.0,0.0,1.0,0.0,1.0,1.0,0.0,0.0,-0.6652961662724577,-0.3556107315465502
623,0,0,0.0,0.0,1.0,0.0,1.0,0.0,0.0,1.0,-0.5962970198003398,-0.5046039580824689
624,0,0,0.0,0.0,1.0,0.0,1.0,0.0,0.0,1.0,-0.5962970198003398,-0.34884251943018635
625,0,0,1.0,0.0,0.0,0.0,1.0,0.0,0.0,1.0,2.163668839084379,-0.04243499752922535
626,0,0,0.0,1.0,0.0,0.0,1.0,0.0,1.0,0.0,1.887672253195907,-0.4196792356913205
627,0,0,1.0,0.0,0.0,1.0,0.0,0.0,0.0,1.0,-0.5962970198003398,0.8196478393687765
628,0,0,0.0,0.0,1.0,0.0,1.0,0.0,0.0,1.0,-0.2513012874397499,-0.5038181427767454
630,0,0,1.0,0.0,0.0,0.0,1.0,0.0,0.0,1.0,3.4746526220546206,-0.086274424488916
631,0,0,0.0,0.0,1.0,0.0,1.0,0.0,0.0,1.0,1.4736773743631992,-0.5197157908848442
632,0,0,1.0,0.0,0.0,0.0,1.0,1.0,0.0,0.0,0.1626935913929579,-0.07682952898743145
634,3,2,0.0,0.0,1.0,1.0,0.0,0.0,0.0,1.0,-1.4242867774657553,-0.1259429855951511
635,0,0,0.0,1.0,0.0,1.0,0.0,0.0,0.0,1.0,-0.11330299449551398,-0.4074008715393906
636,0,0,0.0,0.0,1.0,0.0,1.0,0.0,0.0,1.0,0.1626935913929579,-0.5032665608794588
637,1,1,0.0,1.0,0.0,0.0,1.0,0.0,0.0,1.0,0.0936944449208399,-0.1571111407500501
638,0,5,0.0,0.0,1.0,1.0,0.0,0.0,0.0,1.0,0.7836859096420196,0.0967204258523471
640,0,0,0.0,0.0,1.0,0.0,1.0,0.0,0.0,1.0,-0.6652961662724577,-0.5046039580824689
641,0,0,1.0,0.0,0.0,1.0,0.0,1.0,0.0,0.0,-0.3892995803839858,0.6560943619277693
642,3,2,0.0,0.0,1.0,1.0,0.0,0.0,0.0,1.0,-1.907280802770581,-0.1259429855951511
644,2,1,0.0,0.0,1.0,1.0,0.0,1.0,0.0,0.0,-1.9935297358607285,-0.2891828925055091
645,1,0,1.0,0.0,0.0,0.0,1.0,1.0,0.0,0.0,1.2666799349468454,0.7964303972470275
646,0,0,0.0,0.0,1.0,0.0,1.0,0.0,0.0,1.0,-0.7342953127445757,-0.5038181427767454
647,0,0,1.0,0.0,0.0,0.0,1.0,1.0,0.0,0.0,1.818673106723789,0.01761942602741402
649,0,0,0.0,0.0,1.0,1.0,0.0,0.0,0.0,1.0,-0.4582987268561038,-0.5103502325055721
651,0,1,0.0,1.0,0.0,1.0,0.0,0.0,0.0,1.0,-0.8032944592166936,-0.21850296150969964
652,0,0,0.0,0.0,1.0,0.0,1.0,0.0,0.0,1.0,-0.5962970198003398,-0.49366488011264953
654,0,0,0.0,0.0,1.0,1.0,0.0,0.0,1.0,0.0,-0.8032944592166936,-0.5254620653079474
655,2,0,0.0,1.0,0.0,0.0,1.0,0.0,0.0,1.0,-0.3892995803839858,0.7354314841402395
657,1,1,0.0,0.0,1.0,1.0,0.0,0.0,1.0,0.0,0.1626935913929579,-0.36017639403196783
658,0,0,0.0,1.0,0.0,0.0,1.0,0.0,0.0,1.0,-0.4582987268561038,-0.4074008715393906
659,0,2,1.0,0.0,0.0,0.0,1.0,1.0,0.0,0.0,1.956671399668025,1.4867729212833354
660,2,0,1.0,0.0,0.0,0.0,1.0,0.0,0.0,1.0,1.4046782278910812,1.8716524129688306
661,0,0,0.0,0.0,1.0,0.0,1.0,1.0,0.0,0.0,0.7146867631699015,-0.5164894145815371
662,0,0,1.0,0.0,0.0,0.0,1.0,0.0,0.0,1.0,1.1976807884747274,-0.16962562728951713
663,0,0,0.0,0.0,1.0,0.0,1.0,0.0,0.0,1.0,0.4386901772814297,-0.5113740591779331
664,1,0,0.0,0.0,1.0,0.0,1.0,0.0,0.0,1.0,-0.6652961662724577,-0.5032665608794588
665,2,0,0.0,1.0,0.0,0.0,1.0,0.0,0.0,1.0,0.1626935913929579,0.7354314841402395
666,0,0,0.0,1.0,0.0,0.0,1.0,0.0,0.0,1.0,-0.32030043391186785,-0.4074008715393906
668,0,0,0.0,0.0,1.0,0.0,1.0,0.0,0.0,1.0,0.9216842025862555,-0.5009053370040876
670,1,1,0.0,1.0,0.0,1.0,0.0,0.0,0.0,1.0,0.7146867631699015,0.08373369453780584
671,1,0,1.0,0.0,0.0,0.0,1.0,0.0,0.0,1.0,0.0936944449208399,0.32930097757640403
672,0,0,0.0,1.0,0.0,0.0,1.0,0.0,0.0,1.0,2.7846611573334408,-0.4546253490468133
673,0,0,0.0,1.0,0.0,0.0,1.0,0.0,0.0,1.0,0.0936944449208399,-0.4074008715393906
675,0,0,0.0,0.0,1.0,0.0,1.0,0.0,0.0,1.0,-0.8032944592166936,-0.5061000295299041
676,0,0,0.0,0.0,1.0,0.0,1.0,0.0,0.0,1.0,-0.35480000714792687,-0.5009053370040876
677,0,0,0.0,0.0,1.0,1.0,0.0,0.0,0.0,1.0,-0.8032944592166936,-0.4670604984640679
678,1,6,0.0,0.0,1.0,1.0,0.0,0.0,0.0,1.0,0.9216842025862555,0.23296304346126165
679,0,1,1.0,0.0,0.0,0.0,1.0,1.0,0.0,0.0,0.4386901772814297,9.024823358140363
681,0,0,1.0,0.0,0.0,0.0,1.0,1.0,0.0,0.0,-0.18230214096763195,0.7964303972470275
682,0,0,0.0,0.0,1.0,0.0,1.0,0.0,0.0,1.0,-0.6652961662724577,-0.47870983257559885
683,5,2,0.0,0.0,1.0,0.0,1.0,0.0,0.0,1.0,-1.0792910451051654,0.23296304346126165
684,1,1,0.0,1.0,0.0,0.0,1.0,0.0,0.0,1.0,2.094669692612261,0.08373369453780584
685,1,2,0.0,1.0,0.0,0.0,1.0,1.0,0.0,0.0,-0.32030043391186785,0.13245424349266374
686,4,1,0.0,0.0,1.0,0.0,1.0,0.0,0.0,1.0,-1.0792910451051654,0.0967204258523471
687,0,0,0.0,0.0,1.0,0.0,1.0,0.0,0.0,1.0,-0.7342953127445757,-0.46084386824499074
688,0,0,0.0,0.0,1.0,0.0,1.0,0.0,0.0,1.0,-0.8032944592166936,-0.5057071218770424
689,0,1,1.0,0.0,0.0,1.0,0.0,0.0,0.0,1.0,-1.0102918986330476,3.339153051511992
690,1,0,1.0,0.0,0.0,0.0,1.0,0.0,0.0,1.0,0.0936944449208399,0.42374993259124955
691,0,1,0.0,0.0,1.0,1.0,0.0,1.0,0.0,0.0,-1.7692825098263452,-0.39952949562845336
693,0,0,0.0,0.0,1.0,0.0,1.0,1.0,0.0,0.0,-0.32030043391186785,-0.5164894145815371
694,0,0,1.0,0.0,0.0,0.0,1.0,0.0,0.0,1.0,2.094669692612261,-0.15144420344915935
695,0,0,0.0,1.0,0.0,0.0,1.0,0.0,0.0,1.0,1.5426765208353173,-0.397955976037906
696,0,0,0.0,0.0,1.0,0.0,1.0,0.0,0.0,1.0,0.9906833490583734,-0.5009053370040876
698,1,1,1.0,0.0,0.0,0.0,1.0,1.0,0.0,0.0,1.3356790814189632,1.441594208141534
699,0,0,0.0,0.0,1.0,0.0,1.0,0.0,0.0,1.0,0.8526850561141375,-0.5084612534052753
700,1,0,1.0,0.0,0.0,1.0,0.0,1.0,0.0,0.0,-0.8032944592166936,3.644931543372554
701,0,0,1.0,0.0,0.0,0.0,1.0,0.0,0.0,1.0,0.36969103080931176,-0.15640277358743873
702,0,1,0.0,0.0,1.0,1.0,0.0,1.0,0.0,0.0,-0.8032944592166936,-0.37993133746287294
703,0,0,0.0,0.0,1.0,0.0,1.0,0.0,1.0,0.0,-0.32030043391186785,-0.5067290595703029
704,1,0,0.0,0.0,1.0,0.0,1.0,0.0,0.0,1.0,-0.2513012874397499,-0.5046039580824689
705,0,0,0.0,1.0,0.0,0.0,1.0,0.0,0.0,1.0,0.6456876166977836,-0.16183358850079235
706,0,0,0.0,1.0,0.0,1.0,0.0,0.0,0.0,1.0,1.0596824955304913,-0.397955976037906
707,0,0,1.0,0.0,0.0,0.0,1.0,0.0,0.0,1.0,0.8526850561141375,-0.15640277358743873
708,0,0,1.0,0.0,0.0,1.0,0.0,0.0,0.0,1.0,-0.5272978733282218,2.2097796719219773
710,0,0,1.0,0.0,0.0,1.0,0.0,1.0,0.0,0.0,-0.3892995803839858,0.28215583719119375
712,1,0,1.0,0.0,0.0,0.0,1.0,0.0,0.0,1.0,1.2666799349468454,0.32930097757640403
713,0,0,0.0,0.0,1.0,0.0,1.0,0.0,0.0,1.0,-0.04430384802339602,-0.473830599559532
714,0,0,0.0,1.0,0.0,0.0,1.0,0.0,0.0,1.0,1.5426765208353173,-0.4074008715393906
715,0,0,0.0,0.0,1.0,0.0,1.0,0.0,0.0,1.0,-0.7342953127445757,-0.5084612534052753
716,0,0,1.0,0.0,0.0,1.0,0.0,1.0,0.0,0.0,0.5766884702256656,3.644931543372554
717,0,0,0.0,1.0,0.0,1.0,0.0,0.0,0.0,1.0,-0.18230214096763195,-0.4546253490468133
719,0,0,0.0,0.0,1.0,0.0,1.0,0.0,0.0,1.0,0.23169273786507583,-0.5061000295299041
720,0,1,0.0,1.0,0.0,1.0,0.0,0.0,0.0,1.0,-1.6312842168821091,-0.029605051480008714
721,1,0,0.0,0.0,1.0,0.0,1.0,0.0,0.0,1.0,-0.8722936056888115,-0.5197157908848442
722,0,0,0.0,1.0,0.0,0.0,1.0,0.0,0.0,1.0,0.3006918843371938,-0.4074008715393906
723,0,0,0.0,1.0,0.0,0.0,1.0,0.0,0.0,1.0,1.4046782278910812,-0.4074008715393906
724,1,0,1.0,0.0,0.0,0.0,1.0,0.0,0.0,1.0,-0.18230214096763195,0.3500797476796701
725,0,0,0.0,0.0,1.0,0.0,1.0,0.0,0.0,1.0,-0.6652961662724577,-0.48933534001476897
726,3,0,0.0,1.0,0.0,1.0,0.0,0.0,0.0,1.0,0.024695298448721946,-0.25628254351563784
728,1,0,0.0,1.0,0.0,0.0,1.0,0.0,0.0,1.0,-0.32030043391186785,-0.16183358850079235
729,1,0,0.0,0.0,1.0,1.0,0.0,0.0,0.0,1.0,-0.32030043391186785,-0.5032665608794588
730,0,0,1.0,0.0,0.0,1.0,0.0,0.0,0.0,1.0,-0.04430384802339602,3.339153051511992
731,0,0,0.0,0.0,1.0,0.0,1.0,1.0,0.0,0.0,-1.2862884845215194,-0.2980762061097069
733,0,0,0.0,1.0,0.0,0.0,1.0,0.0,0.0,1.0,-0.4582987268561038,-0.4074008715393906
734,0,0,0.0,1.0,0.0,0.0,1.0,0.0,0.0,1.0,-0.4582987268561038,-0.4074008715393906
735,0,0,0.0,0.0,1.0,0.0,1.0,0.0,0.0,1.0,-0.078803421259455,-0.34884251943018635
736,1,3,0.0,0.0,1.0,1.0,0.0,0.0,0.0,1.0,1.2666799349468454,-0.003631588850926211
737,0,0,1.0,0.0,0.0,0.0,1.0,1.0,0.0,0.0,0.36969103080931176,9.024823358140363
741,1,0,1.0,0.0,0.0,0.0,1.0,0.0,0.0,1.0,0.4386901772814297,0.8364918660061241
742,2,2,1.0,0.0,0.0,1.0,0.0,1.0,0.0,0.0,-0.5962970198003398,4.303240759826027
743,1,0,0.0,0.0,1.0,0.0,1.0,0.0,0.0,1.0,-0.3892995803839858,-0.34884251943018635
744,0,0,0.0,0.0,1.0,0.0,1.0,0.0,0.0,1.0,0.0936944449208399,-0.5032665608794588
745,1,1,1.0,0.0,0.0,0.0,1.0,0.0,0.0,1.0,2.7846611573334408,0.6882070066328169
746,1,1,0.0,0.0,1.0,0.0,1.0,0.0,0.0,1.0,-0.9412927521609296,-0.27044988676786463
747,0,0,0.0,1.0,0.0,1.0,0.0,0.0,0.0,1.0,0.024695298448721946,-0.4074008715393906
748,1,0,1.0,0.0,0.0,0.0,1.0,0.0,0.0,1.0,-0.7342953127445757,0.3500797476796701
749,0,0,0.0,0.0,1.0,0.0,1.0,0.0,1.0,0.0,0.0936944449208399,-0.5065722743049783
750,1,1,0.0,1.0,0.0,1.0,0.0,0.0,0.0,1.0,-1.7692825098263452,-0.21850296150969964
751,0,1,0.0,0.0,1.0,0.0,1.0,0.0,0.0,1.0,-1.6312842168821091,-0.4173180118159493
752,0,0,0.0,0.0,1.0,0.0,1.0,0.0,0.0,1.0,0.23169273786507583,-0.4735151400497824
753,0,0,0.0,0.0,1.0,0.0,1.0,0.0,0.0,1.0,-0.4582987268561038,-0.5038181427767454
754,1,2,0.0,1.0,0.0,1.0,0.0,0.0,0.0,1.0,1.2666799349468454,0.5748682606150023
755,1,1,0.0,1.0,0.0,0.0,1.0,0.0,0.0,1.0,-1.999049667578498,-0.37906618503493694
756,0,0,0.0,0.0,1.0,0.0,1.0,0.0,0.0,1.0,-0.11330299449551398,-0.5057071218770424
757,0,0,0.0,1.0,0.0,0.0,1.0,0.0,0.0,1.0,-0.8032944592166936,-0.43573555804384423
758,0,0,0.0,0.0,1.0,0.0,1.0,0.0,0.0,1.0,0.3006918843371938,-0.5009053370040876
759,0,0,1.0,0.0,0.0,1.0,0.0,0.0,0.0,1.0,0.23169273786507583,0.9809987671788377
761,0,0,0.0,0.0,1.0,0.0,1.0,0.0,0.0,1.0,0.7836859096420196,-0.518378393681834
762,0,0,0.0,0.0,1.0,0.0,1.0,1.0,0.0,0.0,-0.6652961662724577,-0.5164100774593247
763,1,2,1.0,0.0,0.0,1.0,0.0,0.0,0.0,1.0,0.4386901772814297,1.6138067657783024
764,0,0,0.0,0.0,1.0,0.0,1.0,0.0,0.0,1.0,-0.9412927521609296,-0.5061000295299041
765,1,0,1.0,0.0,0.0,1.0,0.0,0.0,0.0,1.0,1.4736773743631992,0.8196478393687765
767,0,0,0.0,0.0,1.0,1.0,0.0,0.0,1.0,0.0,0.05919487168478093,-0.5065722743049783
769,0,0,0.0,0.0,1.0,0.0,1.0,0.0,0.0,1.0,0.1626935913929579,-0.4950022773156597
770,0,0,0.0,0.0,1.0,0.0,1.0,0.0,0.0,1.0,-0.3892995803839858,-0.4735151400497824
771,0,0,0.0,0.0,1.0,0.0,1.0,0.0,0.0,1.0,1.2666799349468454,-0.5046039580824689
772,0,0,0.0,1.0,0.0,1.0,0.0,0.0,0.0,1.0,1.887672253195907,-0.4546253490468133
774,1,3,0.0,1.0,0.0,1.0,0.0,0.0,0.0,1.0,1.680674813779553,-0.21850296150969964
775,0,0,0.0,0.0,1.0,0.0,1.0,0.0,0.0,1.0,-0.8032944592166936,-0.5065722743049783
777,0,0,0.0,0.0,1.0,1.0,0.0,0.0,0.0,1.0,-1.7002833633542271,-0.4173180118159493
779,0,1,1.0,0.0,0.0,1.0,0.0,0.0,0.0,1.0,0.9216842025862555,3.339153051511992
780,0,0,0.0,0.0,1.0,1.0,0.0,1.0,0.0,0.0,-1.1482901915772834,-0.5164100774593247
781,1,0,1.0,0.0,0.0,1.0,0.0,0.0,0.0,1.0,-0.8722936056888115,0.42374993259124955
782,0,0,1.0,0.0,0.0,0.0,1.0,0.0,0.0,1.0,-0.04430384802339602,-0.086274424488916
784,0,0,0.0,0.0,1.0,0.0,1.0,0.0,0.0,1.0,-0.32030043391186785,-0.5197951280070566
785,0,0,0.0,0.0,1.0,0.0,1.0,0.0,0.0,1.0,-0.32030043391186785,-0.5160171698064628
786,0,0,0.0,0.0,1.0,1.0,0.0,0.0,0.0,1.0,-0.8032944592166936,-0.5113740591779331
787,4,1,0.0,0.0,1.0,0.0,1.0,0.0,1.0,0.0,-1.4932859239378733,-0.10280299161651395
788,1,2,0.0,0.0,1.0,0.0,1.0,0.0,0.0,1.0,-1.976279949242699,-0.2643107046918997
789,0,0,1.0,0.0,0.0,0.0,1.0,1.0,0.0,0.0,1.1286816420026093,0.8431032928571635
791,0,0,0.0,1.0,0.0,0.0,1.0,0.0,0.0,1.0,-0.9412927521609296,-0.16183358850079235
794,0,0,0.0,0.0,1.0,0.0,1.0,0.0,0.0,1.0,-0.32030043391186785,-0.5038181427767454
795,0,0,0.0,1.0,0.0,0.0,1.0,0.0,0.0,1.0,0.6456876166977836,-0.4074008715393906
796,0,0,1.0,0.0,0.0,1.0,0.0,0.0,0.0,1.0,1.3356790814189632,-0.16317098570380253
797,0,0,0.0,0.0,1.0,1.0,0.0,0.0,0.0,1.0,0.0936944449208399,-0.48894243236190726
798,0,0,0.0,0.0,1.0,0.0,1.0,1.0,0.0,0.0,0.024695298448721946,-0.5164100774593247
799,1,1,0.0,0.0,1.0,1.0,0.0,0.0,0.0,1.0,0.024695298448721946,-0.1967797018562852
800,0,0,0.0,1.0,0.0,0.0,1.0,0.0,0.0,1.0,0.3006918843371938,-0.4074008715393906
801,1,1,0.0,1.0,0.0,1.0,0.0,0.0,0.0,1.0,0.0936944449208399,-0.1571111407500501
802,1,2,1.0,0.0,0.0,0.0,1.0,0.0,0.0,1.0,-1.2862884845215194,1.6138067657783024
803,0,1,0.0,0.0,1.0,0.0,1.0,1.0,0.0,0.0,-2.016299454196527,-0.4920894715430019
804,0,0,0.0,0.0,1.0,0.0,1.0,0.0,0.0,1.0,-0.18230214096763195,-0.5212118623322793
805,0,0,0.0,0.0,1.0,0.0,1.0,0.0,0.0,1.0,0.0936944449208399,-0.5061000295299041
806,0,0,1.0,0.0,0.0,0.0,1.0,0.0,0.0,1.0,0.6456876166977836,-0.6529681545779887
807,0,0,0.0,0.0,1.0,1.0,0.0,0.0,0.0,1.0,-0.8032944592166936,-0.5061000295299041
808,0,0,0.0,1.0,0.0,0.0,1.0,0.0,0.0,1.0,0.6456876166977836,-0.4074008715393906
809,1,0,1.0,0.0,0.0,1.0,0.0,0.0,0.0,1.0,0.23169273786507583,0.3500797476796701
810,0,0,0.0,0.0,1.0,0.0,1.0,0.0,0.0,1.0,-0.2513012874397499,-0.5039749280420701
811,0,0,0.0,0.0,1.0,0.0,1.0,0.0,0.0,1.0,0.6456876166977836,-0.1967797018562852
812,0,0,0.0,1.0,0.0,0.0,1.0,0.0,0.0,1.0,0.36969103080931176,-0.4546253490468133
813,4,2,0.0,0.0,1.0,1.0,0.0,0.0,0.0,1.0,-1.6312842168821091,-0.062189940960130426
814,0,0,0.0,0.0,1.0,0.0,1.0,0.0,0.0,1.0,0.05919487168478093,-0.5009053370040876
816,0,0,0.0,0.0,1.0,1.0,0.0,0.0,0.0,1.0,-0.4582987268561038,-0.5032665608794588
817,1,1,0.0,1.0,0.0,0.0,1.0,1.0,0.0,0.0,0.0936944449208399,0.04603344965408008
818,0,0,0.0,0.0,1.0,0.0,1.0,0.0,0.0,1.0,0.9216842025862555,-0.5311290026088381
819,3,2,0.0,0.0,1.0,0.0,1.0,0.0,0.0,1.0,-1.3552876309936372,-0.1259429855951511
820,1,1,1.0,0.0,0.0,1.0,0.0,0.0,0.0,1.0,1.5426765208353173,1.1132273041996215
821,0,0,0.0,0.0,1.0,0.0,1.0,0.0,0.0,1.0,-0.18230214096763195,-0.48933534001476897
822,0,0,1.0,0.0,0.0,0.0,1.0,0.0,0.0,1.0,0.5766884702256656,-0.6529681545779887
823,0,1,0.0,0.0,1.0,1.0,0.0,0.0,0.0,1.0,-0.18230214096763195,-0.4173180118159493
824,4,1,0.0,0.0,1.0,0.0,1.0,0.0,0.0,1.0,-1.907280802770581,0.0967204258523471
827,0,2,0.0,1.0,0.0,0.0,1.0,1.0,0.0,0.0,-1.976279949242699,0.04603344965408008
830,1,0,0.0,0.0,1.0,1.0,0.0,1.0,0.0,0.0,-1.0102918986330476,-0.37993133746287294
831,1,1,0.0,1.0,0.0,0.0,1.0,0.0,0.0,1.0,-1.9880098041429592,-0.2987845732723183
833,0,0,0.0,0.0,1.0,0.0,1.0,0.0,0.0,1.0,-0.4582987268561038,-0.5046039580824689
834,0,0,0.0,0.0,1.0,0.0,1.0,0.0,0.0,1.0,-0.8032944592166936,-0.4961828892533453
835,1,1,1.0,0.0,0.0,1.0,0.0,1.0,0.0,0.0,0.6456876166977836,0.9178747525842159
836,0,0,0.0,0.0,1.0,0.0,1.0,0.0,0.0,1.0,-0.5962970198003398,-0.48933534001476897
838,0,0,0.0,0.0,1.0,0.0,1.0,0.0,0.0,1.0,0.1626935913929579,0.41422569996755254
840,0,0,0.0,0.0,1.0,0.0,1.0,0.0,0.0,1.0,-0.6652961662724577,-0.5032665608794588
841,0,0,0.0,1.0,0.0,0.0,1.0,0.0,0.0,1.0,-0.9412927521609296,-0.4546253490468133
842,0,0,1.0,0.0,0.0,1.0,0.0,1.0,0.0,0.0,0.024695298448721946,-0.0673846334859469
843,0,0,0.0,0.0,1.0,0.0,1.0,1.0,0.0,0.0,0.3351914575732528,-0.5313651249963752
844,0,0,0.0,0.0,1.0,0.0,1.0,0.0,0.0,1.0,-0.8722936056888115,-0.48933534001476897
845,0,0,0.0,0.0,1.0,0.0,1.0,0.0,0.0,1.0,0.8526850561141375,-0.5103502325055721
847,0,0,0.0,0.0,1.0,0.0,1.0,1.0,0.0,0.0,0.36969103080931176,-0.5038181427767454
848,0,1,0.0,1.0,0.0,0.0,1.0,0.0,0.0,1.0,-0.11330299449551398,-0.029605051480008714
850,4,2,0.0,0.0,1.0,0.0,1.0,0.0,0.0,1.0,-1.7692825098263452,-0.062189940960130426
851,0,0,0.0,0.0,1.0,0.0,1.0,0.0,0.0,1.0,3.0606577432219124,-0.5061000295299041
852,1,1,0.0,0.0,1.0,1.0,0.0,1.0,0.0,0.0,-1.4242867774657553,-0.3649781789049226
853,0,1,1.0,0.0,0.0,1.0,0.0,0.0,0.0,1.0,-0.9412927521609296,0.09128961093899346
854,1,0,0.0,1.0,0.0,1.0,0.0,0.0,0.0,1.0,0.9906833490583734,-0.16183358850079235
855,0,1,0.0,0.0,1.0,1.0,0.0,0.0,0.0,1.0,-0.8032944592166936,-0.4763486087002277
856,1,1,1.0,0.0,0.0,1.0,0.0,0.0,0.0,1.0,1.0596824955304913,2.461329351771216
857,0,0,1.0,0.0,0.0,0.0,1.0,0.0,0.0,1.0,1.4736773743631992,-0.15144420344915935
858,0,3,0.0,0.0,1.0,1.0,0.0,1.0,0.0,0.0,-0.3892995803839858,-0.2891828925055091
860,2,0,0.0,0.0,1.0,0.0,1.0,0.0,0.0,1.0,0.7836859096420196,-0.38646531617079993
861,1,0,0.0,1.0,0.0,0.0,1.0,0.0,0.0,1.0,-0.5962970198003398,-0.43573555804384423
862,0,0,1.0,0.0,0.0,1.0,0.0,0.0,0.0,1.0,1.2666799349468454,-0.16317098570380253
864,0,0,0.0,1.0,0.0,0.0,1.0,0.0,0.0,1.0,-0.3892995803839858,-0.4074008715393906
865,0,0,0.0,1.0,0.0,1.0,0.0,0.0,0.0,1.0,0.8526850561141375,-0.4074008715393906
866,1,0,0.0,1.0,0.0,1.0,0.0,1.0,0.0,0.0,-0.18230214096763195,-0.3911877639215422
867,0,0,1.0,0.0,0.0,0.0,1.0,0.0,0.0,1.0,0.0936944449208399,0.30088695394973797
869,1,1,0.0,0.0,1.0,0.0,1.0,0.0,0.0,1.0,-1.7692825098263452,-0.442662444404633
870,0,0,0.0,0.0,1.0,0.0,1.0,0.0,0.0,1.0,-0.2513012874397499,-0.5038181427767454
871,1,1,1.0,0.0,0.0,1.0,0.0,0.0,0.0,1.0,1.1976807884747274,0.33976969975024957
872,0,0,1.0,0.0,0.0,0.0,1.0,0.0,0.0,1.0,0.23169273786507583,-0.5585191995631433
873,0,0,0.0,0.0,1.0,0.0,1.0,0.0,0.0,1.0,1.1976807884747274,-0.48296003555126693
874,1,0,0.0,1.0,0.0,1.0,0.0,1.0,0.0,0.0,-0.11330299449551398,-0.19961317050673055
875,0,0,0.0,0.0,1.0,1.0,0.0,1.0,0.0,0.0,-1.0102918986330476,-0.5164894145815371
876,0,0,0.0,0.0,1.0,0.0,1.0,0.0,0.0,1.0,-0.6652961662724577,-0.46698305032095566
877,0,0,0.0,0.0,1.0,0.0,1.0,0.0,0.0,1.0,-0.7342953127445757,-0.5038181427767454
879,0,1,1.0,0.0,0.0,1.0,0.0,1.0,0.0,0.0,1.818673106723789,0.9178747525842159
880,0,1,0.0,1.0,0.0,1.0,0.0,0.0,0.0,1.0,-0.32030043391186785,-0.16183358850079235
881,0,0,0.0,0.0,1.0,0.0,1.0,0.0,0.0,1.0,0.23169273786507583,-0.5038181427767454
882,0,0,0.0,0.0,1.0,1.0,0.0,0.0,0.0,1.0,-0.5272978733282218,-0.4543098895370637
883,0,0,0.0,1.0,0.0,0.0,1.0,0.0,0.0,1.0,-0.11330299449551398,-0.4546253490468133
884,0,0,0.0,0.0,1.0,0.0,1.0,0.0,0.0,1.0,-0.32030043391186785,-0.5197951280070566
885,0,5,0.0,0.0,1.0,1.0,0.0,0.0,1.0,0.0,0.6456876166977836,-0.10280299161651395
886,0,0,0.0,1.0,0.0,0.0,1.0,0.0,0.0,1.0,-0.18230214096763195,-0.4074008715393906
887,0,0,1.0,0.0,0.0,1.0,0.0,0.0,0.0,1.0,-0.7342953127445757,-0.086274424488916
889,0,0,1.0,0.0,0.0,0.0,1.0,1.0,0.0,0.0,-0.2513012874397499,-0.086274424488916
890,0,0,0.0,0.0,1.0,0.0,1.0,0.0,1.0,0.0,0.1626935913929579,-0.5065722743049783
